model,RMSE,QLIKE
HAR,0.00013552505671629686,-8.95966918132332
GARCH_t,0.00022908474894623094,-8.76353351279053
PatchTST_var,0.0001593371706466174,-8.380095395595566
