model,RMSE,QLIKE
HAR,0.00013552505671629692,-8.959669181323319
GARCH_t,0.00022908472606020933,-8.76353369448343
PatchTST_var,0.00012368341684490733,-8.746642499527585
