model,realized_ES
HAR,0.01578864707837034
GARCH_t,0.021455798509345276
Patch_raw,
Patch_cal,0.017468551861229347
