model,N_days,breaches,coverage,kupiec_p,christoffersen_p,breaches_250,band_95pct,status_95pct
HAR,644,72,0.11180124223602485,4.406425224701138e-10,0.7622005189661354,33,6-20,too_many[6-20]
GARCH_t,644,24,0.037267080745341616,0.12121032415090227,0.03406448850313626,12,6-20,within[6-20]
Patch_raw,644,0,0.0,7.771561172376096e-16,0.02025017899115744,0,6-20,too_few[6-20]
Patch_cal,644,33,0.05124223602484472,0.8854354019169042,0.2270949666569424,18,6-20,within[6-20]
