model,mode,breach_rate,coverage,kupiec_p,christoffersen_p,effective_n,last250_breaches,band_95pct
Patch_raw,none,0.003105590062111801,0.9968944099378882,9.537733257019668e-12,0.009146920107507308,644,2,6–20
Patch_fixed,fixed,0.06852791878172589,0.9314720812182741,0.27733037860701243,0.703224249502695,394,23,6–20
Patch_cal,rolling,0.06852791878172589,0.9314720812182741,0.27733037860701243,0.3250288258301233,394,20,6–20
